stage,time,pitch,vision_sd,vision_n,pos0,pos1,range0,range1
baseline,2026-09-18T18:59:34.415766-07:00,5.149337000000001,0.018361112402756962,4,48.0,6334.0,0,0
B_01,2026-09-18T18:59:41.438164-07:00,6.60397075,0.01618827440618656,4,88.0,12158.0,0,0
B_02,2026-09-18T18:59:48.443368-07:00,7.660614600000001,0.05808958661670782,5,129.0,17964.0,0,1
B_03,2026-09-18T18:59:55.462944-07:00,8.990497,0.02293144137060128,4,172.0,23970.0,0,0
B_04,2026-09-18T19:00:02.484829-07:00,10.319748,0.018050757878826672,4,217.0,30202.0,0,0
B_05,2026-09-18T19:00:09.497150-07:00,11.739132999999999,0.02353256398057777,5,264.0,36722.0,0,0
B_06,2026-09-18T19:00:16.506174-07:00,13.173448000000002,0.025586424408267826,5,311.0,43124.0,0,0
B_07,2026-09-18T19:00:23.510169-07:00,14.352438750000001,0.020498471835318173,4,355.0,49284.0,0,0
B_08,2026-09-18T19:00:30.524770-07:00,15.805530749999999,0.02353218308862724,4,400.0,55544.0,0,0
F_09,2026-09-18T19:00:37.775870-07:00,14.385883750000001,0.023648662208463442,4,358.0,49397.0,0,0
F_10,2026-09-18T19:00:45.027442-07:00,13.259658250000001,0.018310541615419215,4,315.0,43240.0,0,0
F_11,2026-09-18T19:00:52.280245-07:00,11.698765999999999,0.02157321485855351,4,267.0,36542.0,0,0
F_12,2026-09-18T19:00:59.534689-07:00,10.264268999999999,0.010592453571607421,4,220.0,29904.0,0,0
F_13,2026-09-18T19:01:06.788872-07:00,9.010753249999999,0.006241117014071793,4,176.0,23981.0,0,0
F_14,2026-09-18T19:01:14.040084-07:00,7.65796575,0.02743079486483515,4,135.0,18204.0,0,0
F_15,2026-09-18T19:01:21.294190-07:00,6.48221375,0.04161170574389711,4,90.0,12064.0,0,0
F_16,2026-09-18T19:01:28.547784-07:00,4.79624875,0.02629620893303824,4,44.0,5583.0,0,0
final_stationary,2026-09-18T19:01:31.551660-07:00,4.801063399999999,0.009759854112639191,5,44.0,5583.0,0,0
